{"accuracy": 0.8481543624161074, "precision_depression": 0.7459016393442623, "recall_depression": 0.3775933609958506}